from,to,weight,in.out
1,63,2,FALSE
2,84,1,FALSE
2,108,1,FALSE
2,309,5,FALSE
2,492,1,FALSE
2,402,1,FALSE
3,114,1,FALSE
4,19,1,FALSE
4,268,2,FALSE
7,266,7,FALSE
7,350,1,FALSE
7,403,1,FALSE
8,24,1,FALSE
8,59,1,TRUE
8,81,1,FALSE
8,82,5,FALSE
8,195,1,TRUE
8,226,1,TRUE
8,377,1,TRUE
9,40,1,TRUE
9,422,6,FALSE
9,62,3,FALSE
9,81,1,FALSE
9,269,2,TRUE
9,273,1,TRUE
9,377,2,TRUE
10,74,2,FALSE
12,42,5,TRUE
12,189,3,TRUE
13,141,1,FALSE
13,157,1,FALSE
14,19,3,FALSE
14,29,29,TRUE
14,129,1,TRUE
14,190,1,FALSE
14,268,6,FALSE
16,19,3,FALSE
16,162,1,TRUE
17,48,2,FALSE
17,210,2,FALSE
17,309,2,FALSE
18,210,1,FALSE
19,16,2,FALSE
19,21,1,FALSE
19,29,1,FALSE
19,63,1,FALSE
19,93,1,FALSE
19,95,2,TRUE
19,99,1,FALSE
19,116,1,FALSE
19,133,1,FALSE
19,151,1,FALSE
19,162,2,FALSE
19,205,4,FALSE
19,268,1,TRUE
19,309,2,FALSE
19,371,3,FALSE
20,63,2,FALSE
20,116,2,FALSE
20,309,6,FALSE
21,19,1,FALSE
21,95,1,FALSE
23,190,2,FALSE
24,414,3,FALSE
24,27,14,FALSE
24,30,1,FALSE
24,33,10,FALSE
24,35,2,FALSE
24,37,14,FALSE
24,40,3,FALSE
24,46,4,FALSE
24,423,1,FALSE
24,48,1,TRUE
24,54,7,FALSE
24,62,3,FALSE
24,72,6,FALSE
24,75,2,FALSE
24,81,8,FALSE
24,88,9,FALSE
24,90,5,FALSE
24,92,18,FALSE
24,97,22,FALSE
24,109,1,FALSE
24,117,14,FALSE
24,121,8,FALSE
24,124,9,FALSE
24,130,5,FALSE
24,139,19,FALSE
24,146,4,FALSE
24,155,2,FALSE
24,157,4,FALSE
24,158,3,FALSE
24,443,4,TRUE
24,445,4,TRUE
24,169,17,FALSE
24,180,1,FALSE
24,188,4,FALSE
24,190,4,FALSE
24,199,24,FALSE
24,204,19,FALSE
24,205,1,FALSE
24,216,40,FALSE
24,220,1,FALSE
24,226,2,FALSE
24,229,1,FALSE
24,256,10,FALSE
24,268,14,FALSE
24,273,4,FALSE
24,277,3,FALSE
24,288,1,FALSE
24,298,2,FALSE
24,311,11,FALSE
24,324,23,FALSE
24,502,4,FALSE
24,377,5,FALSE
24,397,11,FALSE
24,403,5,FALSE
24,404,16,FALSE
26,33,2,FALSE
27,24,19,FALSE
27,74,5,FALSE
27,92,1,FALSE
27,124,1,FALSE
27,134,1,TRUE
27,165,2,TRUE
27,199,3,FALSE
27,248,8,TRUE
27,249,1,FALSE
27,268,1,FALSE
27,397,1,FALSE
28,133,2,TRUE
28,279,1,TRUE
28,306,4,FALSE
29,14,37,TRUE
29,19,1,FALSE
29,26,1,TRUE
29,124,4,FALSE
29,129,2,TRUE
29,171,9,TRUE
29,178,2,TRUE
29,229,10,TRUE
29,268,8,FALSE
30,82,1,FALSE
32,350,1,TRUE
33,24,7,FALSE
33,74,2,FALSE
33,82,10,FALSE
33,88,1,TRUE
33,98,7,FALSE
33,124,1,TRUE
33,129,7,FALSE
33,143,1,FALSE
33,147,5,FALSE
33,155,4,FALSE
33,162,4,FALSE
33,169,2,TRUE
33,171,2,FALSE
33,190,2,FALSE
33,205,8,FALSE
33,229,4,FALSE
33,461,5,FALSE
33,256,1,FALSE
33,307,1,FALSE
33,317,1,FALSE
33,502,1,FALSE
33,522,1,FALSE
34,183,1,FALSE
35,24,2,FALSE
37,24,12,FALSE
37,74,1,FALSE
38,133,1,TRUE
38,303,12,FALSE
38,309,6,FALSE
38,351,2,TRUE
38,400,1,FALSE
40,8,1,TRUE
40,9,3,TRUE
40,24,5,FALSE
40,37,1,FALSE
40,43,1,TRUE
40,62,1,FALSE
40,72,1,FALSE
40,74,17,FALSE
40,81,3,FALSE
40,82,11,FALSE
40,85,1,TRUE
40,199,1,FALSE
40,216,13,TRUE
40,277,1,FALSE
40,377,13,TRUE
40,397,1,FALSE
40,403,1,FALSE
41,171,2,TRUE
42,12,11,TRUE
42,161,1,TRUE
42,261,1,TRUE
43,9,1,TRUE
43,74,1,FALSE
43,81,7,FALSE
43,269,1,TRUE
43,273,11,TRUE
43,377,4,TRUE
44,34,2,FALSE
44,48,1,FALSE
44,309,2,FALSE
46,24,1,FALSE
47,95,3,FALSE
48,17,1,FALSE
48,63,1,FALSE
48,74,1,TRUE
48,95,1,FALSE
48,133,4,FALSE
48,183,2,FALSE
48,205,4,FALSE
48,234,1,FALSE
48,243,3,FALSE
48,263,1,FALSE
48,339,2,FALSE
48,343,2,FALSE
48,352,2,FALSE
48,523,6,TRUE
48,400,3,FALSE
49,63,3,TRUE
49,210,1,FALSE
51,144,1,TRUE
51,277,1,FALSE
51,378,1,FALSE
51,517,1,TRUE
52,133,4,FALSE
52,210,2,FALSE
52,305,1,FALSE
52,343,1,FALSE
54,24,4,FALSE
55,413,1,TRUE
55,184,1,TRUE
55,189,1,TRUE
55,202,1,FALSE
55,203,1,TRUE
55,393,1,FALSE
55,404,4,FALSE
56,97,1,TRUE
56,120,2,TRUE
59,8,1,TRUE
59,74,6,FALSE
59,82,1,FALSE
59,204,1,TRUE
60,64,1,FALSE
60,502,1,FALSE
62,8,1,FALSE
62,9,2,FALSE
62,24,3,FALSE
62,37,1,FALSE
62,40,1,FALSE
62,43,1,FALSE
62,74,3,FALSE
62,82,2,FALSE
62,199,1,FALSE
62,270,1,FALSE
62,294,1,FALSE
62,403,1,FALSE
62,404,4,FALSE
63,1,1,FALSE
63,19,1,FALSE
63,20,1,FALSE
63,48,1,FALSE
63,49,2,TRUE
63,65,1,FALSE
63,116,12,TRUE
63,168,1,TRUE
63,182,3,FALSE
63,210,4,FALSE
63,252,1,FALSE
63,263,1,TRUE
63,309,13,FALSE
63,367,1,TRUE
64,122,2,FALSE
65,63,1,FALSE
65,133,3,FALSE
65,205,2,FALSE
65,210,2,FALSE
65,309,7,FALSE
66,24,1,FALSE
66,43,1,TRUE
66,70,1,FALSE
66,82,1,FALSE
66,88,1,FALSE
66,188,1,FALSE
66,204,1,TRUE
66,273,1,TRUE
66,404,1,FALSE
67,74,1,FALSE
67,397,2,FALSE
69,395,4,FALSE
70,43,2,FALSE
70,66,1,FALSE
70,67,1,FALSE
70,72,1,TRUE
70,81,1,TRUE
70,82,10,FALSE
70,88,2,TRUE
70,121,1,TRUE
70,188,1,TRUE
70,199,1,TRUE
70,204,1,FALSE
70,273,1,FALSE
70,404,1,TRUE
71,82,3,FALSE
71,127,2,FALSE
72,24,7,FALSE
72,43,2,FALSE
72,70,2,TRUE
72,81,2,TRUE
72,82,4,FALSE
72,88,2,TRUE
72,121,2,TRUE
72,199,2,TRUE
73,309,5,FALSE
74,27,2,FALSE
74,40,1,FALSE
74,48,3,TRUE
74,62,3,FALSE
74,75,1,FALSE
74,81,4,FALSE
74,88,1,FALSE
74,90,2,FALSE
74,117,2,FALSE
74,118,1,FALSE
74,124,6,FALSE
74,130,2,FALSE
74,146,13,FALSE
74,199,2,FALSE
74,268,4,FALSE
74,324,2,FALSE
74,502,5,FALSE
74,377,8,FALSE
74,397,5,FALSE
75,24,3,FALSE
75,62,1,FALSE
75,74,1,FALSE
75,82,3,FALSE
75,118,1,FALSE
75,324,1,FALSE
75,403,1,TRUE
80,42,5,FALSE
80,74,8,FALSE
80,345,1,FALSE
80,397,1,FALSE
80,403,1,FALSE
81,8,3,FALSE
81,9,3,FALSE
81,24,11,FALSE
81,40,5,FALSE
81,43,12,FALSE
81,422,1,FALSE
81,70,2,TRUE
81,72,2,TRUE
81,74,16,FALSE
81,82,32,FALSE
81,88,2,TRUE
81,121,2,TRUE
81,163,9,FALSE
81,164,4,FALSE
81,195,5,FALSE
81,199,2,TRUE
81,216,10,FALSE
81,226,3,FALSE
81,237,1,FALSE
81,463,1,FALSE
81,245,1,FALSE
81,273,8,FALSE
81,292,6,FALSE
81,344,2,FALSE
81,350,2,FALSE
81,377,10,FALSE
82,8,7,FALSE
82,33,10,FALSE
82,37,1,FALSE
82,40,8,FALSE
82,43,4,FALSE
82,59,1,FALSE
82,62,3,FALSE
82,66,1,FALSE
82,70,10,FALSE
82,71,1,FALSE
82,72,3,FALSE
82,74,1,TRUE
82,75,6,FALSE
82,81,17,FALSE
82,88,3,FALSE
82,90,1,FALSE
82,91,1,FALSE
82,97,3,FALSE
82,99,3,FALSE
82,117,2,FALSE
82,118,6,FALSE
82,121,3,FALSE
82,123,1,FALSE
82,124,6,FALSE
82,141,4,FALSE
82,148,1,FALSE
82,188,1,FALSE
82,190,4,FALSE
82,195,4,FALSE
82,199,14,FALSE
82,204,7,FALSE
82,216,1,FALSE
82,226,3,FALSE
82,268,4,FALSE
82,273,4,FALSE
82,287,3,FALSE
82,324,6,FALSE
82,360,1,FALSE
82,377,4,FALSE
82,397,4,FALSE
82,522,1,FALSE
82,403,5,FALSE
82,404,6,FALSE
84,309,1,FALSE
85,40,3,TRUE
85,72,3,FALSE
85,74,3,FALSE
85,277,3,FALSE
85,294,1,TRUE
85,377,3,TRUE
85,397,3,FALSE
86,112,1,TRUE
86,207,1,TRUE
88,24,5,FALSE
88,33,1,TRUE
88,43,3,FALSE
88,66,1,FALSE
88,70,3,TRUE
88,72,2,TRUE
88,74,2,FALSE
88,81,2,TRUE
88,82,3,FALSE
88,121,2,TRUE
88,188,1,TRUE
88,199,2,TRUE
88,248,1,FALSE
88,273,1,FALSE
88,404,1,TRUE
89,328,1,FALSE
90,24,11,FALSE
90,74,10,FALSE
90,82,4,FALSE
90,140,2,FALSE
90,141,1,FALSE
90,186,4,FALSE
90,247,1,FALSE
90,298,4,FALSE
90,514,1,FALSE
90,396,1,FALSE
90,519,1,FALSE
91,82,3,FALSE
91,344,1,FALSE
91,521,1,FALSE
91,397,1,TRUE
92,24,12,FALSE
92,27,1,FALSE
92,33,1,FALSE
92,74,1,FALSE
92,82,1,FALSE
92,139,2,FALSE
92,140,1,FALSE
92,141,1,FALSE
92,156,2,FALSE
92,249,2,FALSE
92,320,2,FALSE
92,331,2,FALSE
93,19,1,FALSE
93,371,1,TRUE
95,19,1,TRUE
95,21,1,FALSE
95,47,2,FALSE
95,48,2,FALSE
95,93,2,FALSE
95,116,3,FALSE
95,129,2,FALSE
95,143,2,FALSE
95,181,2,FALSE
95,205,9,FALSE
95,210,2,FALSE
95,213,1,FALSE
95,227,2,FALSE
95,238,2,FALSE
95,268,5,TRUE
95,272,6,FALSE
95,291,1,FALSE
95,309,3,FALSE
95,340,5,FALSE
95,368,6,FALSE
95,371,6,FALSE
96,74,2,FALSE
96,118,2,FALSE
97,24,27,FALSE
97,56,2,TRUE
97,74,3,FALSE
97,81,1,FALSE
97,82,6,FALSE
97,120,1,TRUE
97,155,1,TRUE
97,191,1,FALSE
97,229,13,TRUE
97,268,3,FALSE
97,309,11,FALSE
97,323,1,TRUE
98,33,5,FALSE
98,131,1,TRUE
98,158,6,TRUE
98,171,20,TRUE
98,184,12,TRUE
98,204,9,TRUE
98,238,1,FALSE
99,19,3,FALSE
99,29,1,TRUE
99,33,4,FALSE
99,82,14,FALSE
99,120,7,TRUE
99,124,21,FALSE
99,166,2,TRUE
99,181,3,FALSE
99,238,4,FALSE
99,287,7,TRUE
99,293,5,TRUE
99,327,4,TRUE
100,309,3,FALSE
101,103,4,FALSE
103,101,1,FALSE
108,84,1,TRUE
108,431,1,TRUE
108,492,1,FALSE
108,402,1,TRUE
109,24,1,FALSE
109,85,1,FALSE
109,87,1,FALSE
109,104,1,FALSE
109,113,1,FALSE
109,477,1,FALSE
109,311,1,FALSE
112,64,2,FALSE
112,86,1,TRUE
113,85,1,FALSE
113,87,1,TRUE
113,104,1,TRUE
113,109,1,FALSE
113,477,1,FALSE
113,311,1,FALSE
114,3,2,FALSE
114,77,1,FALSE
114,137,6,FALSE
114,164,7,FALSE
114,225,1,FALSE
114,237,3,FALSE
114,245,3,FALSE
114,325,17,FALSE
114,350,3,FALSE
114,361,2,FALSE
114,509,1,FALSE
115,361,1,FALSE
116,19,5,FALSE
116,20,1,FALSE
116,63,18,TRUE
116,95,4,FALSE
116,99,1,TRUE
116,129,1,TRUE
116,181,7,FALSE
116,182,1,FALSE
116,205,4,FALSE
116,227,1,TRUE
116,291,2,TRUE
116,309,13,FALSE
116,348,1,TRUE
116,368,1,TRUE
116,371,2,TRUE
117,24,9,FALSE
117,74,5,FALSE
117,82,2,FALSE
117,98,1,FALSE
117,254,1,FALSE
117,324,1,TRUE
118,62,1,TRUE
118,74,5,FALSE
118,75,2,FALSE
118,82,5,FALSE
118,96,1,FALSE
118,144,2,FALSE
118,195,2,FALSE
118,199,2,FALSE
118,274,1,FALSE
118,324,2,TRUE
118,494,1,FALSE
118,358,1,FALSE
118,387,1,FALSE
118,520,1,FALSE
118,403,2,FALSE
119,99,1,TRUE
119,130,3,TRUE
119,204,4,TRUE
119,317,1,TRUE
120,56,3,TRUE
120,99,2,TRUE
120,129,24,TRUE
120,143,1,FALSE
120,190,11,FALSE
120,204,8,TRUE
121,24,7,FALSE
121,43,2,FALSE
121,70,2,TRUE
121,72,2,TRUE
121,81,2,TRUE
121,82,4,FALSE
121,88,2,TRUE
121,199,2,TRUE
122,64,6,FALSE
123,82,1,FALSE
123,515,1,FALSE
124,24,8,FALSE
124,27,3,FALSE
124,29,3,FALSE
124,33,1,TRUE
124,74,24,FALSE
124,82,9,FALSE
124,98,1,FALSE
124,99,12,FALSE
124,144,2,FALSE
124,151,1,FALSE
124,155,17,FALSE
124,165,3,FALSE
124,166,1,FALSE
124,169,6,TRUE
124,171,5,FALSE
124,178,1,FALSE
124,190,8,FALSE
124,193,2,FALSE
124,229,2,FALSE
124,247,1,FALSE
124,255,3,FALSE
124,256,9,FALSE
124,268,14,TRUE
124,287,5,FALSE
124,293,1,FALSE
124,307,5,FALSE
124,323,1,FALSE
124,327,10,FALSE
124,333,1,FALSE
124,522,14,FALSE
125,315,2,TRUE
125,386,3,TRUE
127,71,2,FALSE
127,502,1,FALSE
129,14,2,TRUE
129,29,3,TRUE
129,33,7,FALSE
129,120,1,TRUE
129,155,1,TRUE
129,166,1,TRUE
129,191,1,FALSE
129,205,1,FALSE
129,268,2,FALSE
129,293,9,TRUE
130,24,7,FALSE
130,33,1,FALSE
130,74,7,FALSE
130,119,5,TRUE
130,165,2,TRUE
130,178,2,TRUE
130,190,3,FALSE
130,205,3,FALSE
130,229,1,TRUE
130,268,2,FALSE
130,291,1,TRUE
130,293,5,TRUE
130,307,1,TRUE
130,317,2,TRUE
131,248,3,TRUE
133,19,2,FALSE
133,48,2,FALSE
133,52,4,FALSE
133,65,3,FALSE
133,434,3,TRUE
133,136,4,TRUE
133,182,5,FALSE
133,210,2,FALSE
133,217,1,TRUE
133,234,2,FALSE
133,252,1,FALSE
133,263,1,TRUE
133,306,1,FALSE
133,309,4,FALSE
133,310,1,TRUE
134,27,1,TRUE
136,133,4,TRUE
136,177,3,FALSE
136,210,3,FALSE
136,242,4,TRUE
136,303,3,FALSE
136,309,4,FALSE
136,326,3,FALSE
136,338,2,TRUE
136,351,20,TRUE
136,352,2,FALSE
136,379,3,FALSE
136,400,1,FALSE
137,406,1,FALSE
137,408,1,FALSE
137,409,1,FALSE
137,410,1,FALSE
137,411,1,FALSE
137,420,1,FALSE
137,426,1,FALSE
137,427,1,FALSE
137,428,1,TRUE
137,430,1,TRUE
137,432,1,TRUE
137,436,1,FALSE
137,438,1,TRUE
137,439,1,TRUE
137,155,1,TRUE
137,451,1,TRUE
137,454,1,TRUE
137,456,1,FALSE
137,457,1,TRUE
137,459,1,TRUE
137,462,1,FALSE
137,466,1,TRUE
137,260,1,TRUE
137,472,1,TRUE
137,277,1,FALSE
137,480,1,TRUE
137,482,1,TRUE
137,334,1,TRUE
137,495,1,TRUE
137,496,1,TRUE
137,497,1,TRUE
137,498,1,FALSE
137,503,1,TRUE
137,507,1,TRUE
137,508,1,TRUE
137,511,1,TRUE
137,513,1,TRUE
137,516,1,FALSE
137,518,1,TRUE
139,24,23,FALSE
139,74,13,FALSE
139,82,1,FALSE
139,170,1,FALSE
140,90,2,FALSE
140,92,1,FALSE
140,141,15,FALSE
141,13,1,FALSE
141,82,7,FALSE
141,90,1,FALSE
141,92,1,FALSE
141,140,8,FALSE
141,156,1,FALSE
141,186,2,FALSE
141,249,1,FALSE
142,210,1,FALSE
142,309,1,FALSE
143,33,3,FALSE
143,94,1,FALSE
143,95,3,FALSE
143,120,1,FALSE
143,147,3,FALSE
143,229,8,FALSE
143,238,2,FALSE
143,268,1,FALSE
143,368,1,FALSE
144,124,1,FALSE
145,266,1,TRUE
146,24,3,FALSE
146,74,16,FALSE
147,33,3,FALSE
147,190,3,FALSE
147,315,1,FALSE
148,82,1,FALSE
148,374,1,FALSE
149,208,1,TRUE
150,154,5,FALSE
151,19,2,FALSE
151,256,1,FALSE
151,490,1,FALSE
152,54,1,TRUE
152,188,1,FALSE
152,198,1,FALSE
152,209,1,TRUE
152,221,12,TRUE
152,241,1,TRUE
152,265,1,FALSE
152,477,1,FALSE
152,353,3,TRUE
153,197,1,FALSE
154,150,6,FALSE
155,405,1,FALSE
155,406,1,FALSE
155,409,1,FALSE
155,410,1,FALSE
155,411,1,FALSE
155,24,1,FALSE
155,420,1,FALSE
155,33,6,FALSE
155,426,1,FALSE
155,427,1,FALSE
155,428,1,TRUE
155,430,1,TRUE
155,97,3,TRUE
155,432,1,TRUE
155,124,21,FALSE
155,129,1,TRUE
155,436,1,FALSE
155,438,1,TRUE
155,439,1,TRUE
155,190,16,FALSE
155,191,8,FALSE
155,205,1,FALSE
155,451,1,TRUE
155,454,1,TRUE
155,456,1,FALSE
155,457,1,TRUE
155,229,4,TRUE
155,459,1,TRUE
155,462,1,FALSE
155,465,1,TRUE
155,466,1,TRUE
155,256,1,TRUE
155,260,1,TRUE
155,472,1,TRUE
155,268,12,FALSE
155,277,1,FALSE
155,480,1,TRUE
155,481,1,FALSE
155,482,1,TRUE
155,485,1,FALSE
155,327,3,TRUE
155,334,1,TRUE
155,495,1,TRUE
155,496,1,TRUE
155,497,1,TRUE
155,498,1,FALSE
155,503,1,TRUE
155,507,1,TRUE
155,508,1,TRUE
155,510,1,TRUE
155,511,1,TRUE
155,513,1,TRUE
155,516,1,FALSE
155,518,1,TRUE
156,92,1,FALSE
156,139,1,FALSE
156,141,1,FALSE
156,249,1,FALSE
156,320,1,TRUE
156,331,1,FALSE
157,13,1,FALSE
157,24,4,FALSE
157,309,2,FALSE
158,33,1,FALSE
158,98,6,TRUE
158,229,4,TRUE
158,268,3,FALSE
158,317,1,TRUE
160,2,1,FALSE
160,309,6,FALSE
161,290,4,FALSE
162,19,1,FALSE
162,33,3,FALSE
162,255,2,FALSE
162,268,2,FALSE
162,327,3,TRUE
162,399,2,TRUE
163,43,1,TRUE
163,81,9,FALSE
163,292,1,TRUE
164,81,1,FALSE
164,114,2,FALSE
164,216,3,FALSE
164,377,3,FALSE
165,124,4,FALSE
166,155,1,TRUE
166,317,1,TRUE
168,63,1,TRUE
168,214,1,TRUE
168,309,3,FALSE
169,24,14,FALSE
169,33,4,TRUE
169,74,3,FALSE
169,99,5,FALSE
169,124,10,TRUE
169,165,1,FALSE
169,193,2,FALSE
169,205,1,FALSE
170,90,1,FALSE
171,29,9,TRUE
171,33,3,FALSE
171,41,3,TRUE
171,98,22,TRUE
171,124,5,FALSE
171,129,2,TRUE
171,165,1,TRUE
171,190,5,FALSE
171,461,1,TRUE
171,250,2,FALSE
171,268,6,FALSE
171,288,12,TRUE
172,252,1,FALSE
173,204,3,TRUE
174,244,2,FALSE
175,275,5,TRUE
175,289,4,TRUE
176,190,2,FALSE
176,293,2,TRUE
177,136,2,FALSE
178,29,4,TRUE
178,33,4,FALSE
178,190,10,FALSE
178,256,2,TRUE
178,268,4,FALSE
178,293,6,TRUE
178,522,3,FALSE
179,210,1,FALSE
181,116,1,FALSE
181,228,1,FALSE
181,339,2,TRUE
181,391,11,TRUE
182,63,3,FALSE
182,133,2,FALSE
183,34,3,FALSE
183,48,4,FALSE
183,309,6,FALSE
184,413,1,TRUE
184,55,1,TRUE
184,98,32,TRUE
184,189,1,TRUE
184,202,1,FALSE
184,203,1,TRUE
184,393,1,FALSE
186,90,6,FALSE
186,92,2,FALSE
186,139,1,FALSE
186,141,3,FALSE
186,388,2,FALSE
188,24,4,FALSE
188,54,1,FALSE
188,82,2,FALSE
188,152,1,FALSE
188,198,2,FALSE
188,204,1,FALSE
188,209,1,FALSE
188,221,1,FALSE
188,241,1,FALSE
188,265,3,FALSE
188,477,1,FALSE
189,12,2,TRUE
190,23,4,FALSE
190,24,4,FALSE
190,33,9,FALSE
190,74,5,FALSE
190,82,7,FALSE
190,120,2,FALSE
190,124,7,FALSE
190,130,3,FALSE
190,147,5,FALSE
190,155,12,FALSE
190,165,2,FALSE
190,166,1,FALSE
190,171,7,FALSE
190,176,1,FALSE
190,178,13,FALSE
190,193,4,FALSE
190,204,4,FALSE
190,205,4,TRUE
190,228,1,FALSE
190,229,4,FALSE
190,256,11,FALSE
190,268,10,FALSE
190,293,3,FALSE
190,307,5,FALSE
190,522,44,FALSE
191,97,2,FALSE
191,155,6,FALSE
191,256,2,FALSE
191,287,2,FALSE
193,268,2,FALSE
195,74,2,FALSE
195,81,1,FALSE
195,82,3,FALSE
195,268,1,FALSE
195,273,25,TRUE
195,381,3,FALSE
197,153,1,FALSE
198,188,1,FALSE
199,24,21,FALSE
199,27,3,FALSE
199,43,1,FALSE
199,70,1,TRUE
199,72,1,TRUE
199,74,6,FALSE
199,81,1,TRUE
199,82,19,FALSE
199,88,1,TRUE
199,121,1,TRUE
199,148,1,FALSE
199,195,1,FALSE
199,274,1,FALSE
199,322,1,FALSE
203,413,1,TRUE
203,55,1,TRUE
203,83,1,TRUE
203,184,1,TRUE
203,189,1,TRUE
203,202,1,FALSE
203,393,1,FALSE
204,24,23,FALSE
204,59,1,TRUE
204,66,3,TRUE
204,82,8,FALSE
204,98,8,TRUE
204,119,4,TRUE
204,120,8,TRUE
204,173,4,TRUE
204,188,1,FALSE
204,190,7,FALSE
204,240,4,TRUE
204,248,1,TRUE
204,251,1,TRUE
204,268,1,FALSE
204,300,4,TRUE
204,360,7,TRUE
205,407,1,FALSE
205,19,12,FALSE
205,24,1,FALSE
205,33,4,FALSE
205,48,8,FALSE
205,65,3,FALSE
205,95,12,FALSE
205,116,2,FALSE
205,129,2,FALSE
205,130,5,FALSE
205,147,3,FALSE
205,155,1,FALSE
205,169,2,FALSE
205,210,3,FALSE
205,229,2,FALSE
205,268,1,FALSE
205,281,1,FALSE
205,291,2,FALSE
205,309,6,FALSE
205,340,1,FALSE
205,522,15,FALSE
205,399,1,FALSE
207,233,1,TRUE
208,252,2,FALSE
210,17,1,FALSE
210,52,2,FALSE
210,63,7,FALSE
210,65,3,FALSE
210,95,2,FALSE
210,133,9,FALSE
210,136,1,FALSE
210,142,1,FALSE
210,205,3,FALSE
210,234,1,FALSE
210,351,2,FALSE
210,377,1,FALSE
210,523,1,TRUE
211,268,2,FALSE
212,48,4,FALSE
212,295,1,FALSE
213,95,1,FALSE
214,425,1,TRUE
214,168,2,TRUE
216,24,43,FALSE
216,38,1,TRUE
216,40,16,TRUE
216,43,1,TRUE
216,54,1,TRUE
216,81,6,FALSE
216,82,1,FALSE
216,88,1,FALSE
216,92,1,FALSE
216,123,1,FALSE
216,164,4,FALSE
216,199,1,FALSE
216,273,1,TRUE
216,292,2,TRUE
216,324,1,FALSE
216,325,2,TRUE
216,326,2,FALSE
216,356,2,FALSE
216,377,5,TRUE
216,403,1,FALSE
216,404,1,FALSE
217,133,2,TRUE
218,252,5,FALSE
219,309,2,FALSE
221,152,7,TRUE
221,265,1,FALSE
222,237,1,FALSE
223,425,4,TRUE
224,395,2,TRUE
225,285,3,FALSE
226,8,1,TRUE
226,24,3,FALSE
226,81,1,FALSE
226,82,3,FALSE
226,195,1,TRUE
226,377,1,TRUE
227,19,1,FALSE
227,368,5,TRUE
228,444,1,FALSE
228,268,1,FALSE
229,24,2,FALSE
229,29,8,TRUE
229,33,5,FALSE
229,97,8,TRUE
229,124,3,FALSE
229,129,4,TRUE
229,143,10,FALSE
229,155,2,TRUE
229,158,5,TRUE
229,205,2,FALSE
229,268,15,FALSE
229,288,7,TRUE
229,327,1,TRUE
229,522,12,FALSE
231,2,1,FALSE
233,207,3,TRUE
233,341,4,TRUE
234,415,1,FALSE
234,48,1,FALSE
234,433,1,FALSE
234,133,1,FALSE
234,210,2,FALSE
234,309,3,FALSE
237,350,1,TRUE
238,93,1,FALSE
238,95,2,FALSE
238,98,1,FALSE
238,99,3,FALSE
238,143,1,FALSE
240,204,2,TRUE
240,452,2,TRUE
240,248,6,TRUE
241,453,1,FALSE
242,48,1,FALSE
242,133,1,TRUE
242,136,5,TRUE
242,303,3,FALSE
242,309,3,FALSE
242,351,3,TRUE
242,385,6,TRUE
242,400,5,FALSE
243,48,4,FALSE
244,290,1,TRUE
246,304,1,TRUE
246,395,2,TRUE
248,27,13,TRUE
248,74,3,FALSE
248,88,1,FALSE
248,131,2,TRUE
248,204,1,TRUE
248,240,7,TRUE
248,254,1,TRUE
248,475,4,TRUE
250,171,2,FALSE
250,255,1,TRUE
252,63,2,FALSE
252,133,3,FALSE
252,208,2,FALSE
252,218,3,FALSE
252,306,3,TRUE
252,309,4,FALSE
252,352,1,TRUE
255,124,3,FALSE
255,250,2,TRUE
256,24,6,FALSE
256,29,1,TRUE
256,33,3,FALSE
256,74,3,FALSE
256,124,8,FALSE
256,151,2,FALSE
256,165,3,TRUE
256,178,8,TRUE
256,190,4,FALSE
256,191,3,FALSE
256,268,1,FALSE
256,287,6,TRUE
256,522,6,FALSE
261,273,1,TRUE
262,157,1,FALSE
263,48,5,FALSE
263,63,2,TRUE
263,133,2,TRUE
263,179,1,TRUE
263,309,1,FALSE
265,54,1,FALSE
265,152,1,FALSE
265,188,5,FALSE
265,198,2,TRUE
265,209,1,FALSE
265,221,1,FALSE
265,241,1,FALSE
265,477,1,FALSE
266,7,3,FALSE
266,349,2,TRUE
268,4,2,FALSE
268,14,4,FALSE
268,19,1,TRUE
268,24,13,FALSE
268,27,1,FALSE
268,29,5,FALSE
268,33,5,TRUE
268,74,20,FALSE
268,82,4,FALSE
268,95,7,TRUE
268,97,1,FALSE
268,120,6,FALSE
268,124,15,TRUE
268,129,15,FALSE
268,130,3,FALSE
268,155,10,FALSE
268,158,2,FALSE
268,162,3,FALSE
268,171,3,FALSE
268,178,4,FALSE
268,190,9,FALSE
268,193,3,FALSE
268,195,2,FALSE
268,205,2,FALSE
268,211,1,FALSE
268,228,2,FALSE
268,229,17,FALSE
268,247,1,FALSE
268,250,1,FALSE
268,288,2,FALSE
268,291,3,FALSE
268,307,1,FALSE
268,309,7,FALSE
268,317,1,FALSE
268,327,2,FALSE
268,493,1,FALSE
268,340,1,FALSE
268,522,8,FALSE
269,9,1,TRUE
269,43,1,TRUE
270,62,1,FALSE
270,265,1,TRUE
272,95,7,FALSE
273,9,1,TRUE
273,24,2,FALSE
273,40,1,TRUE
273,43,13,TRUE
273,74,1,FALSE
273,81,6,FALSE
273,82,7,FALSE
273,195,24,TRUE
273,216,2,TRUE
273,261,1,TRUE
273,283,1,TRUE
273,292,1,TRUE
273,325,1,TRUE
273,377,1,TRUE
275,175,5,TRUE
277,24,2,FALSE
277,40,2,FALSE
277,51,1,FALSE
277,72,2,TRUE
277,74,6,FALSE
277,75,1,TRUE
277,85,2,FALSE
277,144,1,FALSE
277,377,2,FALSE
277,378,1,FALSE
277,517,1,FALSE
277,397,2,TRUE
279,28,1,TRUE
279,367,4,TRUE
281,268,1,FALSE
285,225,2,FALSE
286,309,3,FALSE
286,343,1,FALSE
287,33,1,FALSE
287,82,4,FALSE
287,99,4,TRUE
287,124,4,FALSE
287,191,2,FALSE
287,250,2,FALSE
287,256,16,TRUE
287,327,2,TRUE
288,24,1,FALSE
288,171,19,TRUE
288,229,7,TRUE
288,268,5,FALSE
288,327,3,TRUE
288,522,2,FALSE
289,175,4,TRUE
289,478,1,TRUE
289,375,1,FALSE
290,161,3,FALSE
290,244,3,TRUE
291,19,3,FALSE
291,116,1,TRUE
291,130,2,TRUE
291,205,2,FALSE
291,227,1,TRUE
291,268,4,FALSE
291,348,3,TRUE
291,399,2,TRUE
292,9,1,TRUE
292,81,1,FALSE
292,163,1,TRUE
292,216,3,TRUE
292,273,1,TRUE
292,322,1,TRUE
292,377,2,TRUE
293,29,1,TRUE
293,99,2,TRUE
293,129,56,TRUE
293,130,3,TRUE
293,158,1,TRUE
293,165,5,TRUE
293,176,2,TRUE
293,178,6,TRUE
293,190,3,FALSE
293,307,1,TRUE
293,333,3,TRUE
294,85,1,TRUE
294,329,2,TRUE
295,212,3,FALSE
298,24,1,FALSE
298,90,1,FALSE
299,124,1,FALSE
299,268,1,FALSE
300,204,3,TRUE
301,157,1,FALSE
303,38,63,FALSE
303,136,29,FALSE
303,242,116,FALSE
303,351,30,FALSE
303,385,9,FALSE
303,400,1,FALSE
304,246,2,TRUE
305,309,10,FALSE
306,28,4,FALSE
306,133,2,FALSE
306,252,5,TRUE
307,56,1,TRUE
307,124,3,FALSE
307,130,1,TRUE
307,190,2,FALSE
307,268,1,FALSE
307,293,1,TRUE
307,522,3,FALSE
309,2,6,FALSE
309,17,1,FALSE
309,19,3,FALSE
309,20,4,FALSE
309,38,4,FALSE
309,44,4,FALSE
309,52,1,FALSE
309,63,15,FALSE
309,65,3,FALSE
309,73,5,FALSE
309,95,3,FALSE
309,97,9,FALSE
309,100,1,FALSE
309,116,13,FALSE
309,133,6,FALSE
309,136,5,FALSE
309,142,1,FALSE
309,157,2,FALSE
309,160,5,FALSE
309,168,4,FALSE
309,183,4,FALSE
309,205,5,FALSE
309,219,1,FALSE
309,234,4,FALSE
309,242,4,FALSE
309,252,5,FALSE
309,467,2,TRUE
309,263,2,FALSE
309,268,6,FALSE
309,286,3,FALSE
309,305,8,FALSE
309,351,7,FALSE
309,352,1,FALSE
309,367,2,FALSE
309,385,1,FALSE
309,397,1,FALSE
309,399,2,FALSE
309,400,1,FALSE
309,402,1,FALSE
310,133,1,TRUE
310,309,2,FALSE
311,24,15,FALSE
311,82,2,FALSE
311,85,1,TRUE
311,87,2,FALSE
311,104,1,FALSE
311,109,2,FALSE
311,113,2,FALSE
311,157,1,FALSE
311,469,1,FALSE
311,477,1,FALSE
311,353,1,TRUE
315,125,2,TRUE
315,147,2,FALSE
317,29,1,TRUE
317,33,13,FALSE
317,56,1,TRUE
317,119,2,TRUE
317,130,2,TRUE
317,158,8,TRUE
317,166,1,TRUE
317,193,1,FALSE
317,268,1,FALSE
320,92,2,FALSE
320,139,1,FALSE
320,156,1,TRUE
320,249,1,FALSE
320,331,1,FALSE
322,118,1,FALSE
322,292,1,TRUE
322,308,1,TRUE
322,387,1,TRUE
323,97,1,TRUE
323,124,1,FALSE
324,24,20,FALSE
324,62,2,TRUE
324,74,2,FALSE
324,75,2,FALSE
324,82,9,FALSE
324,117,2,TRUE
324,118,2,TRUE
324,403,2,FALSE
325,114,6,FALSE
325,216,2,TRUE
326,136,5,FALSE
326,164,1,TRUE
326,216,1,FALSE
326,377,1,FALSE
327,98,1,TRUE
327,99,2,TRUE
327,124,16,FALSE
327,155,2,TRUE
327,229,1,TRUE
327,287,1,TRUE
327,288,4,TRUE
328,89,1,FALSE
329,198,1,FALSE
329,294,3,TRUE
332,74,1,FALSE
333,293,2,TRUE
334,406,1,FALSE
334,408,1,FALSE
334,409,1,FALSE
334,410,1,FALSE
334,411,1,FALSE
334,25,1,TRUE
334,420,1,FALSE
334,426,1,FALSE
334,427,1,FALSE
334,428,1,TRUE
334,430,1,TRUE
334,432,1,TRUE
334,137,1,TRUE
334,436,1,FALSE
334,438,1,TRUE
334,439,1,TRUE
334,155,1,TRUE
334,451,1,TRUE
334,454,1,TRUE
334,456,1,FALSE
334,457,1,TRUE
334,459,1,TRUE
334,462,1,FALSE
334,466,1,TRUE
334,472,1,TRUE
334,277,1,FALSE
334,480,1,TRUE
334,481,1,FALSE
334,482,1,TRUE
334,485,1,FALSE
334,495,1,TRUE
334,496,1,TRUE
334,497,1,TRUE
334,498,1,FALSE
334,503,1,TRUE
334,507,1,TRUE
334,508,1,TRUE
334,511,1,TRUE
334,513,1,TRUE
334,516,1,FALSE
334,518,1,TRUE
335,365,1,TRUE
338,136,1,TRUE
338,385,7,TRUE
339,19,1,FALSE
339,181,1,TRUE
340,19,1,FALSE
340,95,9,FALSE
341,233,5,TRUE
343,48,3,FALSE
343,52,2,FALSE
343,286,1,FALSE
344,114,2,FALSE
347,351,1,FALSE
348,291,1,TRUE
350,7,1,FALSE
350,32,1,TRUE
350,70,1,FALSE
350,114,3,FALSE
350,126,1,TRUE
350,396,13,TRUE
351,422,2,FALSE
351,136,11,TRUE
351,210,3,FALSE
351,242,4,TRUE
351,303,6,FALSE
351,309,5,FALSE
351,347,2,FALSE
351,385,24,TRUE
352,48,2,FALSE
352,136,3,FALSE
352,309,1,FALSE
353,152,3,TRUE
353,176,1,TRUE
353,198,2,FALSE
353,311,2,TRUE
355,395,1,TRUE
356,163,1,FALSE
356,216,3,FALSE
356,273,1,FALSE
358,195,1,FALSE
358,316,1,FALSE
360,82,4,FALSE
360,204,9,TRUE
365,335,1,TRUE
366,322,1,FALSE
367,63,1,TRUE
367,279,2,TRUE
367,309,1,FALSE
368,95,1,FALSE
368,227,4,TRUE
370,90,1,FALSE
371,19,6,FALSE
371,93,1,TRUE
371,95,6,FALSE
371,116,2,TRUE
377,9,3,TRUE
377,24,8,FALSE
377,40,13,TRUE
377,43,9,TRUE
377,422,2,FALSE
377,72,1,FALSE
377,74,13,FALSE
377,81,6,FALSE
377,82,5,FALSE
377,85,1,TRUE
377,164,5,FALSE
377,210,1,FALSE
377,216,4,TRUE
377,273,3,TRUE
377,277,1,FALSE
377,292,1,TRUE
377,326,2,FALSE
377,397,1,FALSE
379,136,2,FALSE
381,195,3,FALSE
385,242,3,TRUE
385,303,4,FALSE
385,309,3,FALSE
385,338,5,TRUE
385,351,26,TRUE
386,125,1,TRUE
388,186,1,FALSE
391,181,21,TRUE
395,61,1,TRUE
395,69,5,FALSE
395,224,3,TRUE
395,246,3,TRUE
395,355,2,TRUE
396,350,17,TRUE
397,13,2,FALSE
397,24,9,FALSE
397,27,2,FALSE
397,32,2,FALSE
397,40,1,FALSE
397,72,1,TRUE
397,74,14,FALSE
397,82,3,FALSE
397,85,1,FALSE
397,91,1,TRUE
397,277,1,TRUE
397,309,1,FALSE
397,344,3,FALSE
397,349,2,FALSE
397,377,1,FALSE
397,521,4,FALSE
399,162,2,TRUE
399,291,2,TRUE
399,309,1,FALSE
400,48,2,FALSE
400,242,7,FALSE
400,303,1,FALSE
400,309,1,FALSE
400,351,1,FALSE
403,24,2,FALSE
403,30,1,FALSE
403,74,2,FALSE
403,82,3,FALSE
404,24,15,FALSE
404,55,2,FALSE
404,62,4,FALSE
404,74,2,FALSE
404,82,5,FALSE
